Symbol ,Date ,PREV. CLOSE ,Open Price ,High Price ,Low Price ,Close Price ,Total Traded Quantity ,Total Traded Value in Rs.,Number of Trades 
INFY,28-Feb-26,8,10,10,10,10,30,300,3
INFY,28-Feb-26,0.25,10,10,10,10,30,300,3
INFY,28-Feb-26,1.8,150,150,150,150,"2,000","3,00,000.00",2
INFY,27-Feb-26,0.1,0.1,0.5,0.1,0.5,"12,500","6,249.60",2
INFY,26-Feb-26,1.05,0.1,0.1,0.1,0.1,1,0.1,1
INFY,25-Feb-26,0.5,0.5,0.5,0.5,0.5,"6,600","3,300.00",2
INFY,25-Feb-26,0.71,1.9,1.9,0.57,1.05,"6,13,591","6,98,684.65",504
INFY,24-Feb-26,0.74,0.5,1.99,0.31,0.71,"10,79,001","12,92,546.74","6,751"
INFY,24-Feb-26,0.51,0.65,2,0.5,0.5,"59,213","37,715.96",25
INFY,24-Feb-26,1.5,1,1,0.5,0.5,"3,135","1,767.50",3
INFY,23-Feb-26,0.5,0.31,1.5,0.31,1.5,"1,200",645.18,11
INFY,23-Feb-26,0.5,0.5,0.6,0.5,0.51,"47,716","25,055.64",26
INFY,23-Feb-26,0.75,1.99,2,0.4,0.74,"98,280","1,61,711.64",47
INFY,20-Feb-26,1,1.2,1.25,0.5,0.75,"37,400","28,380.00",28
INFY,20-Feb-26,0.55,0.5,0.5,0.5,0.5,"2,000","1,000.00",3
INFY,20-Feb-26,0.55,0.6,0.6,0.5,0.5,"88,400","51,338.00",40
INFY,19-Feb-26,0.4,0.5,0.6,0.5,0.55,"4,33,566","2,39,119.01",107
INFY,19-Feb-26,1.25,1.25,1.25,0.75,1,"1,01,197","1,01,250.50",55
INFY,19-Feb-26,0.74,0.44,0.74,0.44,0.55,"6,875","3,436.52",12
INFY,18-Feb-26,0.49,0.25,1,0.25,0.74,"52,719","25,027.03",45
INFY,18-Feb-26,0.5,0.5,0.55,0.4,0.4,"2,21,103","1,12,240.90",83
INFY,18-Feb-26,0.9,1,1.26,0.7,1.25,"1,57,812","1,65,636.95",91
INFY,17-Feb-26,0.4,0.05,0.49,0.05,0.49,"9,887","4,813.07",9
INFY,17-Feb-26,0.05,1.5,1.5,0.26,0.9,"7,037","6,834.12",9
INFY,17-Feb-26,0.6,0.4,0.55,0.4,0.5,"1,21,200","59,385.82",39
INFY,16-Feb-26,0.82,0.05,0.4,0.05,0.4,"1,955",744.9,4
INFY,16-Feb-26,1.99,0.05,0.05,0.05,0.05,145,7.25,1
INFY,13-Feb-26,0.48,0.49,0.6,0.49,0.6,"16,000","8,834.18",2
INFY,13-Feb-26,0.4,1.99,1.99,1.99,1.99,1,1.99,1
INFY,12-Feb-26,0.7,0.5,0.5,0.4,0.4,"8,765","3,906.00",3
INFY,12-Feb-26,0.3,0.5,0.5,0.48,0.48,"24,227","12,108.96",5
INFY,12-Feb-26,4,0.18,0.82,0.18,0.82,6,4.28,2
INFY,11-Feb-26,0.5,0.4,0.5,0.3,0.3,"44,173","21,545.02",14
INFY,10-Feb-26,0.5,0.5,0.5,0.5,0.5,"60,000","30,000.00",3
INFY,09-Feb-26,0.5,0.5,0.5,0.5,0.5,"58,400","29,200.00",12
INFY,07-Feb-26,4,0.05,15.07,0.05,15.07,200,761,3
INFY,06-Feb-26,1.85,0.7,0.7,0.7,0.7,10,7,1
INFY,06-Feb-26,0.47,0.47,0.5,0.47,0.5,"14,000","6,997.00",3
INFY,06-Feb-26,0.5,4.31,4.31,4,4,611,"2,444.31",5
INFY,05-Feb-26,0.5,0.45,0.5,0.45,0.47,"2,100","1,000.00",3
INFY,05-Feb-26,0.98,0.5,0.5,0.5,0.5,"1,200",600,2
INFY,04-Feb-26,0.02,0.02,1.02,0.02,0.98,"1,01,651","97,981.32",160
INFY,04-Feb-26,0.25,1,1.85,1,1.85,877,910.51,10
INFY,04-Feb-26,"1,764.30",0.5,0.5,0.3,0.5,"1,95,364","93,656.75",72
INFY,03-Feb-26,1.5,0.02,0.02,0.02,0.02,2,0.04,2
INFY,02-Feb-26,1.9,0.3,1.5,0.3,1.5,520,778.8,3
INFY,01-Feb-26,1.39,1.9,1.9,1.9,1.9,400,760,1
INFY,30-Jan-26,1.9,0.51,1.4,0.5,1.39,"2,307","2,107.62",11
INFY,29-Jan-26,0.01,0.25,0.25,0.25,0.25,1,0.25,1
INFY,29-Jan-26,0.25,1,2,1,1.9,"7,083","13,349.93",8
INFY,28-Jan-26,0.5,0.5,0.5,0.5,0.5,"61,641","30,820.50",32
INFY,28-Jan-26,0.26,0.01,1,0.01,0.25,837,695.85,6
INFY,23-Jan-26,0.51,0.51,0.6,0.5,0.5,"9,000","4,532.50",8
INFY,23-Jan-26,1,1.26,1.26,1.26,1.26,3,3.78,2
INFY,22-Jan-26,0.5,0.5,0.5,0.26,0.26,"20,576","10,273.60",8
INFY,22-Jan-26,0.54,0.61,0.65,0.51,0.51,"93,484","55,799.92",40
INFY,21-Jan-26,0.6,0.56,0.6,0.51,0.54,"90,600","50,752.00",27
INFY,21-Jan-26,0.25,0.5,0.5,0.5,0.5,"99,994","49,997.00",6
INFY,20-Jan-26,0.69,0.6,0.69,0.55,0.6,"2,08,160","1,28,629.02",47
INFY,20-Jan-26,1.37,0.25,0.25,0.25,0.25,6,1.5,1
INFY,19-Jan-26,1,0.99,1,0.99,1,498,493.2,5
INFY,19-Jan-26,0.7,0.7,0.7,0.5,0.69,"37,835","23,061.97",11
INFY,16-Jan-26,0.79,0.51,0.7,0.51,0.7,"31,020","20,076.20",4
INFY,16-Jan-26,1.95,0.19,1,0.18,1,"25,710","7,730.03",18
INFY,16-Jan-26,1.5,0.9,1.5,0.9,1.37,"2,335","3,202.50",5
INFY,14-Jan-26,0.01,3,3,1.95,1.95,60,127.5,2
INFY,14-Jan-26,0.55,1.5,1.5,1.5,1.5,86,129,1
INFY,14-Jan-26,0.7,0.7,0.84,0.7,0.79,"1,77,600","1,35,415.96",45
INFY,13-Jan-26,0.55,0.55,0.55,0.55,0.55,144,79.2,1
INFY,13-Jan-26,0.7,0.61,0.7,0.61,0.7,"1,20,800","84,345.07",29
INFY,13-Jan-26,0.12,0.03,0.03,0.01,0.01,"5,000",149.86,5
INFY,12-Jan-26,0.55,0.7,0.75,0.7,0.7,"1,06,627","75,718.90",47
INFY,12-Jan-26,0.5,0.55,0.55,0.55,0.55,113,62.15,2
INFY,09-Jan-26,0.5,0.5,0.5,0.5,0.5,381,190.5,2
INFY,09-Jan-26,0.5,0.12,0.12,0.12,0.12,7,0.84,1
INFY,09-Jan-26,0.55,0.6,0.68,0.55,0.55,"1,28,166","76,049.49",53
INFY,08-Jan-26,1.5,0.5,0.5,0.5,0.5,7,3.5,1
INFY,08-Jan-26,0.5,0.5,0.6,0.5,0.55,"2,31,600","1,22,784.00",71
INFY,08-Jan-26,0.62,0.3,0.6,0.21,0.5,722,318.28,10
INFY,07-Jan-26,0.75,0.5,0.5,0.5,0.5,"1,00,000","50,000.00",3
INFY,07-Jan-26,1.6,1.5,1.5,1.5,1.5,1,1.5,1
INFY,07-Jan-26,1,1,1,0.2,0.62,"2,909","1,177.97",14
INFY,06-Jan-26,1.2,0.79,1,0.79,1,550,517.69,4
INFY,05-Jan-26,0.4,1.6,1.6,1.6,1.6,30,48,1
INFY,05-Jan-26,1.22,1.25,1.25,1,1.2,"9,426","9,487.40",5
INFY,02-Jan-26,1.25,1.1,1.25,0.45,1.22,"7,537","9,327.00",9
INFY,01-Jan-26,1.37,2,2,1,1.25,"83,784","1,03,904.00",14
INFY,31-Dec-25,2.15,1.1,1.13,1.1,1.12,"4,381","4,880.00",14
INFY,31-Dec-25,0.5,0.26,0.5,0.26,0.49,"3,813","1,872.00",4
INFY,31-Dec-25,1.5,0.51,1.5,0.51,1.37,"3,38,853","3,41,865.00",82
INFY,30-Dec-25,1.02,1.03,2.5,1.03,2.15,"3,05,050","6,36,156.00",266
INFY,30-Dec-25,0.05,0.01,0.5,0.01,0.5,"20,222","10,002.00",2
INFY,30-Dec-25,1,1,2.25,1,1.5,"5,26,452","7,88,298.00",112
INFY,29-Dec-25,1,1,1.4,0.99,1.02,"3,76,537","4,14,614.00",98
INFY,29-Dec-25,0.55,1,1,1,1,"39,404","39,404.00",3
INFY,26-Dec-25,0.01,0.05,0.05,0.05,0.05,1,-,1
INFY,26-Dec-25,0.84,1,1.2,1,1,"9,26,506","10,00,834.00",266
INFY,26-Dec-25,1.26,1,1.3,0.55,0.55,"2,42,407","2,52,126.00",39
INFY,24-Dec-25,2,2,2,1,1.26,"14,828","19,656.00",4
INFY,24-Dec-25,1.99,0.57,1.75,0.01,0.01,"6,504","9,894.00",9
INFY,24-Dec-25,0.9,0.85,0.85,0.8,0.84,"1,18,117","98,349.00",28
INFY,23-Dec-25,0.97,0.77,1,0.77,0.9,"23,651","21,865.00",10
INFY,23-Dec-25,2.31,1.05,4,1.05,2,"1,17,298","2,22,304.00",54
INFY,23-Dec-25,2.56,1.75,2,1,1.99,"7,990","14,674.00",19
INFY,22-Dec-25,0.5,0.75,1,0.75,0.97,"3,97,299","3,36,144.00",156
INFY,22-Dec-25,1.5,1.5,5,1.5,2.31,"3,37,791","9,97,271.00",205
INFY,22-Dec-25,1,1,3.5,1,2.56,"41,45,550","92,15,347.00","1,279"
INFY,19-Dec-25,0.4,0.49,0.5,0.49,0.5,"1,90,900","95,252.00",52
INFY,19-Dec-25,0.49,0.5,2,0.5,1,"7,21,301","10,58,118.00",936
INFY,19-Dec-25,0.85,1.12,2.55,1.12,1.5,"73,503","1,52,251.00",40
INFY,18-Dec-25,0.01,0.15,0.49,0.13,0.49,"3,572","1,750.00",9
INFY,17-Dec-25,0.4,0.4,0.4,0.4,0.4,"2,500","1,000.00",2
INFY,16-Dec-25,0.5,0.01,0.01,0.01,0.01,75,1,1
INFY,16-Dec-25,0.5,0.5,0.5,0.4,0.4,"31,000","14,500.00",9
INFY,15-Dec-25,0.4,0.5,0.5,0.5,0.5,"36,300","18,150.00",16
INFY,15-Dec-25,0.5,0.11,0.5,0.11,0.5,"4,036","2,004.00",3
INFY,12-Dec-25,0.05,0.01,0.5,0.01,0.5,944,391,4
INFY,11-Dec-25,0.5,0.4,0.4,0.4,0.4,"8,000","3,200.00",1
INFY,10-Dec-25,0.5,0.25,0.25,0.05,0.05,"2,633",564,4
INFY,10-Dec-25,0.5,0.3,0.5,0.3,0.5,"9,600","2,900.00",3
INFY,09-Dec-25,0.5,0.46,0.5,0.46,0.5,"30,000","14,836.00",21
INFY,09-Dec-25,0.12,0.21,0.5,0.21,0.5,"5,178","2,109.00",11
INFY,08-Dec-25,0.3,0.5,0.75,0.12,0.12,"7,472","3,896.00",7
INFY,08-Dec-25,0.48,0.48,0.52,0.48,0.5,"1,40,000","69,769.00",55
INFY,05-Dec-25,0.47,0.31,0.51,0.31,0.48,"1,57,189","78,059.00",56
INFY,05-Dec-25,0.25,0.25,0.75,0.25,0.3,"31,750","12,259.00",19
INFY,04-Dec-25,0.25,0.02,0.25,0.01,0.25,"1,93,010","19,131.00",85
INFY,03-Dec-25,0.32,0.25,0.25,0.25,0.25,"10,000","2,500.00",2
INFY,02-Dec-25,1,1.89,1.89,0.32,0.32,"11,613","20,612.00",8
INFY,01-Dec-25,1.41,0.5,2,0.5,1,"4,13,138","5,44,004.00",245
INFY,28-Nov-25,0.8,0.2,1.45,0.2,1.41,"4,23,192","4,92,361.00",217
INFY,27-Nov-25,0.8,1,1.5,0.65,0.8,"5,60,231","6,33,582.00",422
INFY,26-Nov-25,0.8,0.8,0.8,0.75,0.8,"12,300","9,560.00",7
INFY,25-Nov-25,0.83,0.8,0.8,0.8,0.8,"1,200",960,1
INFY,24-Nov-25,1.75,2.21,2.21,0.8,0.83,"2,33,121","3,65,113.00",145
INFY,21-Nov-25,1.8,2,2.49,1.16,1.75,"4,92,436","9,22,427.00",294
INFY,20-Nov-25,0.02,1.25,2.24,1.25,1.8,"20,75,110","38,67,058.00",530
INFY,19-Nov-25,1,1.01,1.35,0.02,0.02,"5,24,131","6,13,468.00",333
INFY,19-Nov-25,0.4,0.02,0.02,0.02,0.02,"1,999",40,5
INFY,18-Nov-25,1,0.5,1.1,0.5,1,"4,61,335","4,59,296.00",269
INFY,17-Nov-25,0.69,0.5,0.5,0.29,0.4,"4,500","1,909.00",6
INFY,17-Nov-25,"1,466.70",1.1,1.5,0.75,1,"4,11,301","4,26,443.00",276
INFY,07-Nov-25,0.4,0.69,0.69,0.69,0.69,"3,232","2,230.00",2
INFY,04-Nov-25,0.7,0.4,0.4,0.4,0.4,400,160,1
INFY,03-Nov-25,1,1,1.44,0.5,0.7,"1,09,941","82,793.00",99
INFY,01-Nov-25,1,2,2,2,2,"1,500","3,000.00",1
INFY,31-Oct-25,1.5,1.5,1.5,1,1,"16,002","24,002.00",7
INFY,30-Oct-25,0.75,0.5,1.5,0.5,1.5,"4,400","6,128.00",5
INFY,29-Oct-25,0.4,0.5,0.5,0.5,0.5,1,1,1
INFY,28-Oct-25,0.7,0.5,1,0.5,0.75,"69,605","51,784.00",27
INFY,28-Oct-25,0.75,0.2,0.4,0.2,0.4,"26,600","10,640.00",6
INFY,23-Oct-25,0.5,0.5,0.6,0.5,0.6,"8,600","4,660.00",4
INFY,23-Oct-25,1.97,0.7,0.7,0.7,0.7,"1,000",700,1
INFY,23-Oct-25,0.95,0.75,0.75,0.75,0.75,800,600,4
INFY,20-Oct-25,0.5,0.95,0.95,0.95,0.95,400,380,1
INFY,20-Oct-25,1,0.5,1.98,0.1,1.97,400,723,5
INFY,17-Oct-25,0.5,1,1.06,1,1,"7,005","7,136.00",12
INFY,17-Oct-25,0.01,0.55,2,0.5,0.5,"82,073","75,604.00",74
INFY,08-Oct-25,0.5,0.02,0.02,0.01,0.01,4,-,3
INFY,07-Oct-25,0.99,0.55,0.55,0.2,0.5,"6,808","3,604.00",11
INFY,06-Oct-25,0.1,0.25,0.99,0.25,0.99,"1,623",423,4
INFY,04-Oct-25,0.5,150,150,150,150,"2,000","3,00,000.00",2
INFY,03-Oct-25,0.5,0.5,0.5,0.1,0.1,"4,030","1,683.00",2
INFY,30-Sep-25,0.1,2.99,2.99,2.99,2.99,14,42,1
INFY,23-Sep-25,1,0.1,0.1,0.1,0.1,466,47,1
INFY,22-Sep-25,0.64,0.5,1.5,0.5,1,"23,600","24,357.00",16
INFY,19-Sep-25,0.4,0.49,1,0.39,0.64,"16,932","16,533.00",15
INFY,12-Sep-25,0.5,0.5,0.5,0.4,0.4,"14,400","5,960.00",26
INFY,11-Sep-25,0.4,0.5,0.5,0.5,0.5,"23,200","11,600.00",36
INFY,11-Sep-25,0.5,0.5,0.5,0.5,0.5,"3,000","1,500.00",3
INFY,09-Sep-25,0.5,0.4,0.4,0.4,0.4,466,186,2
INFY,08-Sep-25,0.49,0.5,0.5,0.5,0.5,5,3,1
INFY,05-Sep-25,0.48,0.48,0.49,0.48,0.49,422,205,3
INFY,02-Sep-25,0.36,0.3,0.48,0.3,0.48,"3,200","1,513.00",10
INFY,29-Aug-25,0.5,0.25,0.25,0.25,0.25,"4,000","1,000.00",4
INFY,22-Aug-25,0.48,0.5,0.5,0.5,0.5,"5,600","2,800.00",2
INFY,12-Aug-25,0.5,0.4,0.5,0.4,0.5,"20,800","10,300.00",10
INFY,11-Aug-25,0.5,0.3,0.5,0.3,0.5,"25,417","9,202.00",16
INFY,07-Aug-25,0.49,0.4,0.95,0.4,0.5,"10,800","6,349.00",6
INFY,04-Aug-25,0.48,0.4,0.5,0.4,0.49,"30,400","12,550.00",17
INFY,01-Aug-25,1.5,0.49,0.5,0.48,0.48,"20,583","10,060.00",4
INFY,31-Jul-25,0.25,0.49,0.49,0.45,0.45,"17,400","8,094.00",3
INFY,30-Jul-25,0.25,0.25,0.25,0.25,0.25,"9,000","2,250.00",2
INFY,29-Jul-25,0.25,0.25,0.25,0.25,0.25,"8,000","2,000.00",1
INFY,28-Jul-25,0.75,1.5,1.5,1.5,1.5,44,66,1
INFY,25-Jul-25,0.5,0.25,0.25,0.25,0.25,"14,000","3,500.00",4
INFY,23-Jul-25,0.47,0.45,0.5,0.45,0.5,"4,400","2,160.00",6
INFY,14-Jul-25,0.5,0.75,0.75,0.75,0.75,"4,000","3,000.00",4
INFY,14-Jul-25,0.48,0.5,0.5,0.45,0.47,"1,63,800","80,424.00",32
INFY,11-Jul-25,0.46,0.45,0.5,0.44,0.48,"1,69,097","79,416.00",72
INFY,11-Jul-25,0.5,0.51,1,0.5,0.5,"49,200","27,610.00",10
INFY,10-Jul-25,0.45,0.5,0.5,0.4,0.46,"72,103","35,715.00",51
INFY,10-Jul-25,0.7,0.7,0.7,0.5,0.5,"10,280","6,940.00",5
INFY,09-Jul-25,0.7,0.7,0.7,0.5,0.7,"14,400","8,080.00",7
INFY,09-Jul-25,0.48,0.5,0.55,0.45,0.45,"2,64,800","1,24,752.00",105
INFY,08-Jul-25,0.5,0.7,0.7,0.7,0.7,"4,400","3,080.00",5
INFY,08-Jul-25,0.5,0.25,0.48,0.25,0.48,"8,400","3,956.00",5
INFY,04-Jul-25,0.5,0.5,0.5,0.5,0.5,"8,800","4,400.00",3
INFY,01-Jul-25,0.5,0.5,0.5,0.5,0.5,"12,400","6,200.00",2
INFY,30-Jun-25,0.5,0.5,0.5,0.5,0.5,"5,200","2,600.00",4
INFY,27-Jun-25,1,0.5,0.5,0.5,0.5,"22,000","11,000.00",8
INFY,26-Jun-25,1,1,1,1,1,399,399,1
INFY,25-Jun-25,0.75,0.01,0.01,0.01,0.01,280,3,1
INFY,25-Jun-25,1,1,1,1,1,1,1,1
INFY,25-Jun-25,0.5,0.25,0.25,0.25,0.25,"21,935","5,484.00",4
INFY,24-Jun-25,0.5,0.5,0.68,0.5,0.5,"28,065","14,111.00",16
INFY,23-Jun-25,0.25,0.75,0.75,0.75,0.75,"2,800","2,100.00",1
INFY,20-Jun-25,2,0.5,1,0.5,1,"1,720","1,220.00",2
INFY,20-Jun-25,0.4,0.75,0.75,0.25,0.25,"1,880","1,266.00",3
INFY,19-Jun-25,0.6,0.4,0.4,0.4,0.4,800,320,4
INFY,18-Jun-25,0.4,0.4,0.6,0.25,0.6,"9,200","4,087.00",15
INFY,17-Jun-25,0.35,0.4,0.4,0.35,0.4,"9,600","3,785.00",8
INFY,16-Jun-25,0.25,0.2,0.7,0.2,0.35,"47,200","18,276.00",35
INFY,12-Jun-25,0.45,0.5,0.5,0.25,0.25,"8,805","4,301.00",8
INFY,06-Jun-25,0.5,0.45,0.45,0.45,0.45,"1,600",720,3
INFY,05-Jun-25,0.5,0.15,0.5,0.15,0.5,"49,447","24,723.00",6
INFY,04-Jun-25,0.49,0.5,0.5,0.5,0.5,800,400,1
INFY,03-Jun-25,0.5,0.49,0.49,0.49,0.49,"1,600",784,1
INFY,02-Jun-25,1,0.5,0.5,0.5,0.5,"8,000","4,000.00",3
INFY,28-May-25,0.5,1,1,1,1,61,61,1
INFY,23-May-25,0.5,1,1,1,1,14,14,1
INFY,23-May-25,0.25,1,1,1,1,40,40,1
INFY,22-May-25,0.25,0.25,0.25,0.25,0.25,"2,760",690,1
INFY,22-May-25,0.5,0.5,0.5,0.5,0.5,33,17,1
INFY,21-May-25,0.5,0.44,0.5,0.44,0.5,"4,000","1,946.00",4
INFY,15-May-25,0.5,0.48,0.5,0.48,0.5,"12,000","5,866.00",5
INFY,14-May-25,0.24,0.45,0.5,0.45,0.5,"5,600","2,778.00",5
INFY,13-May-25,0.01,0.25,0.25,0.24,0.24,"5,205","1,301.00",10
INFY,05-May-25,0.44,0.01,0.01,0.01,0.01,800,8,1
INFY,30-Apr-25,0.35,0.2,0.44,0.2,0.44,"6,800","1,791.00",7
INFY,29-Apr-25,0.45,0.35,0.35,0.35,0.35,800,280,1
INFY,28-Apr-25,0.48,0.45,0.45,0.45,0.45,"2,400","1,080.00",5
INFY,25-Apr-25,0.45,0.48,0.48,0.48,0.48,62,30,1
INFY,24-Apr-25,0.43,0.4,0.4,0.4,0.4,147,59,1
INFY,09-Apr-25,0.4,0.43,0.43,0.43,0.43,55,24,1
INFY,04-Apr-25,0.5,0.4,0.4,0.4,0.4,114,46,1
INFY,26-Mar-25,0.5,0.5,0.5,0.5,0.5,65,33,1
INFY,24-Mar-25,0.45,0.01,0.01,0.01,0.01,200,2,1
INFY,24-Mar-25,0.75,0.5,0.5,0.5,0.5,"1,600",800,1
INFY,19-Mar-25,0.5,0.5,0.5,0.5,0.5,"2,000","1,000.00",1
INFY,18-Mar-25,0.01,0.45,0.45,0.45,0.45,71,32,1
INFY,12-Mar-25,0.49,0.01,0.01,0.01,0.01,"1,000",10,4
INFY,10-Mar-25,0.49,0.25,0.5,0.25,0.49,"8,400","3,532.00",9
INFY,04-Mar-25,0.5,0.4,0.49,0.4,0.49,"2,000",974,3
INFY,03-Mar-25,0.6,0.5,0.5,0.5,0.5,"1,600",800,1
INFY,12-Feb-25,0.5,0.3,0.4,0.3,0.4,"1,055",342,2
INFY,04-Feb-25,0.98,0.5,0.6,0.5,0.6,"13,200","6,770.00",5
INFY,04-Feb-25,0.39,0.5,0.5,0.5,0.5,"10,400","5,200.00",5
INFY,03-Feb-25,1.75,0.25,0.5,0.25,0.39,"5,202","2,075.00",13
INFY,31-Jan-25,1.95,1.75,1.75,1.75,1.75,27,47,1
INFY,31-Jan-25,0.6,0.75,0.75,0.75,0.75,"2,400","1,800.00",1
INFY,30-Jan-25,0.4,0.4,1.2,0.4,0.85,"83,453","69,708.00",54
INFY,30-Jan-25,1,1,1.95,1,1.95,"3,200","4,361.00",2
INFY,29-Jan-25,1,1,1,1,1,800,800,2
INFY,28-Jan-25,0.5,0.4,0.4,0.4,0.4,122,49,1
INFY,27-Jan-25,1,1,1,1,1,"4,000","4,000.00",12
INFY,20-Jan-25,0.6,0.5,0.5,0.5,0.5,"2,400","1,200.00",1
INFY,17-Jan-25,0.5,0.5,1,0.5,1,"13,200","6,611.00",10
INFY,16-Jan-25,0.6,0.68,0.71,0.6,0.6,"7,089","4,852.00",7
INFY,07-Jan-25,0.7,0.6,0.6,0.6,0.6,1,1,1
INFY,06-Jan-25,1,0.7,0.7,0.7,0.7,100,70,1
INFY,27-Dec-24,1.5,1,1,1,1,"4,800","4,800.00",1
INFY,26-Dec-24,1.2,0.98,0.99,0.98,0.99,"15,600","15,296.00",17
INFY,20-Dec-24,0.5,1.02,1.2,1.02,1.2,"2,000","2,230.00",5
INFY,12-Dec-24,0.5,0.5,0.5,0.5,0.5,"9,600","4,800.00",23
INFY,09-Dec-24,0.98,0.6,0.6,0.5,0.5,"4,800","2,580.00",4
INFY,09-Dec-24,0.5,1,1.5,1,1.5,"13,200","18,731.00",16
INFY,04-Dec-24,0.5,0.98,0.98,0.98,0.98,400,392,1
INFY,03-Dec-24,0.5,0.99,0.99,0.5,0.5,"3,600","2,584.00",2
INFY,02-Dec-24,0.9,0.49,0.5,0.49,0.5,"3,600","1,795.00",2
INFY,28-Nov-24,0.5,0.5,0.5,0.5,0.5,800,400,1
INFY,28-Nov-24,0.75,0.5,1,0.5,0.9,"2,248","1,223.00",7
INFY,22-Nov-24,0.5,0.45,1,0.45,0.5,"11,200","5,703.00",17
INFY,18-Nov-24,0.5,0.5,0.5,0.5,0.5,"4,800","2,400.00",2
INFY,14-Nov-24,1.94,0.75,1,0.51,0.75,"17,600","14,909.00",12
INFY,13-Nov-24,-,0.75,1.94,0.75,1.94,"1,600","1,439.00",4
INFY,13-Nov-24,0.5,0.49,0.5,0.49,0.5,"4,000","1,992.00",2
INFY,12-Nov-24,0.5,0.5,0.5,0.5,0.5,38,19,1
INFY,11-Nov-24,0.7,0.5,0.6,0.5,0.5,"24,000","12,100.00",26
INFY,08-Nov-24,1.3,0.6,0.61,0.5,0.5,"9,600","4,964.00",7
INFY,07-Nov-24,1.38,0.5,1.74,0.5,1.3,"13,570","7,104.00",11
INFY,06-Nov-24,0.9,0.5,1.9,0.5,1.38,"2,030","2,265.00",6
INFY,31-Oct-24,1.5,1,1,0.5,0.9,"43,900","41,177.00",61
INFY,31-Oct-24,0.55,1,1,0.5,0.5,"13,200","12,200.00",28
INFY,25-Oct-24,0.25,0.5,0.5,0.5,0.5,300,150,2
INFY,25-Oct-24,1,1.5,1.5,1.5,1.5,"3,700","5,550.00",1
INFY,23-Oct-24,1,0.25,0.25,0.25,0.25,52,13,1
INFY,22-Oct-24,0.54,0.55,0.55,0.55,0.55,500,275,1
INFY,21-Oct-24,1,0.5,1,0.5,1,"12,000","11,957.00",7
INFY,21-Oct-24,0.5,0.5,1,0.5,1,"4,800","2,953.00",14
INFY,17-Oct-24,0.49,1,1,1,1,"1,200","1,200.00",2
INFY,17-Oct-24,0.49,0.5,0.5,0.5,0.5,"18,839","9,420.00",20
INFY,16-Oct-24,0.25,0.5,0.55,0.5,0.54,"34,000","18,350.00",40
INFY,16-Oct-24,0.1,0.49,0.49,0.49,0.49,"1,121",549,1
INFY,16-Oct-24,0.5,0.5,0.5,0.49,0.49,"11,600","5,792.00",31
INFY,15-Oct-24,0.75,0.5,0.5,0.47,0.5,"28,800","14,042.00",25
INFY,15-Oct-24,0.6,0.5,0.55,0.25,0.25,"15,854","7,822.00",20
INFY,08-Oct-24,0.5,0.5,0.75,0.5,0.75,"6,000","3,500.00",4
INFY,07-Oct-24,0.5,0.5,0.9,0.5,0.5,"25,380","14,450.00",79
INFY,04-Oct-24,0.5,0.5,1,0.1,0.5,"58,420","43,103.00",56
INFY,03-Oct-24,0.99,0.5,0.5,0.49,0.5,"26,801","13,396.00",38
INFY,28-Sep-24,2,48,48,48,48,600,"28,800.00",6
INFY,28-Sep-24,0.96,40,40,40,40,600,"24,000.00",6
INFY,26-Sep-24,0.5,0.99,0.99,0.99,0.99,50,50,1
INFY,26-Sep-24,0.25,0.36,0.36,0.36,0.36,400,144,2
INFY,25-Sep-24,0.5,0.45,0.45,0.25,0.25,"4,334","1,150.00",2
INFY,24-Sep-24,0.5,0.5,0.5,0.5,0.5,800,400,2
INFY,23-Sep-24,1.98,0.5,0.5,0.5,0.5,285,143,1
INFY,18-Sep-24,0.5,0.5,0.5,0.5,0.5,"2,400","1,200.00",6
INFY,12-Sep-24,0.95,0.75,0.75,0.5,0.5,"13,200","7,100.00",14
INFY,05-Sep-24,0.5,1.98,1.98,1.98,1.98,60,119,1
INFY,02-Sep-24,0.5,0.5,0.5,0.5,0.5,31,16,1
INFY,29-Aug-24,1.99,0.5,0.5,0.5,0.5,"4,220","2,110.00",9
INFY,28-Aug-24,0.5,1.99,1.99,1.99,1.99,31,62,1
INFY,23-Aug-24,0.5,0.48,0.48,0.48,0.48,400,192,2
INFY,23-Aug-24,0.5,0.5,0.5,0.5,0.5,"1,112",556,2
INFY,20-Aug-24,0.5,0.5,0.5,0.5,0.5,"1,390",695,1
INFY,20-Aug-24,0.35,0.4,0.5,0.4,0.5,"15,200","7,560.00",5
INFY,20-Aug-24,0.45,0.49,0.5,0.49,0.5,650,320,2
INFY,19-Aug-24,0.48,0.5,0.5,0.45,0.45,"7,200","3,520.00",5
INFY,19-Aug-24,0.48,0.5,0.5,0.5,0.5,"3,000","1,500.00",3
INFY,16-Aug-24,0.5,0.6,0.6,0.48,0.48,"18,400","9,759.00",19
INFY,14-Aug-24,0.5,0.45,0.5,0.45,0.5,"2,800","1,262.00",5
INFY,13-Aug-24,0.63,0.35,0.35,0.35,0.35,"1,610",564,4
INFY,29-Jul-24,0.99,0.5,0.5,0.5,0.5,"4,000","2,000.00",1
INFY,26-Jul-24,0.5,0.5,0.8,0.5,0.5,"24,400","14,600.00",7
INFY,26-Jul-24,2,1,1,0.5,0.99,"18,000","14,076.00",10
INFY,26-Jul-24,0.5,2,2,2,2,30,60,1
INFY,24-Jul-24,0.5,0.5,0.5,0.5,0.5,800,400,2
INFY,23-Jul-24,2,2,2,2,2,50,100,1
INFY,18-Jul-24,1,0.9,0.9,0.5,0.5,141,121,2
INFY,15-Jul-24,0.99,1,1,1,1,"1,00,000","1,00,000.00",2
INFY,12-Jul-24,1,1,1.5,0.99,0.99,"9,00,584","9,92,347.00",383
INFY,12-Jul-24,1,2,2.02,1.25,2,"1,48,400","2,74,629.00",45
INFY,11-Jul-24,1,0.5,1,0.5,1,"4,445","4,423.00",4
INFY,11-Jul-24,0.97,1,1,1,1,500,500,1
INFY,10-Jul-24,0.5,0.5,0.5,0.5,0.5,"10,000","5,000.00",10
INFY,10-Jul-24,0.7,1,1,1,1,"13,200","13,200.00",3
INFY,08-Jul-24,0.5,0.5,0.99,0.47,0.97,"53,200","32,902.00",89
INFY,05-Jul-24,1.25,0.5,0.5,0.5,0.5,"62,400","31,200.00",24
INFY,04-Jul-24,0.5,0.5,1.25,0.5,1.25,"7,200","6,529.00",9
INFY,04-Jul-24,0.5,0.7,0.7,0.7,0.7,"3,000","2,100.00",3
INFY,02-Jul-24,0.5,0.5,0.5,0.45,0.5,"2,17,400","1,08,669.00",35
INFY,01-Jul-24,0.5,0.5,0.5,0.49,0.5,"3,50,400","1,74,824.00",185
INFY,28-Jun-24,0.55,0.5,0.5,0.5,0.5,"94,200","47,100.00",33
INFY,28-Jun-24,0.35,1,1,0.5,0.5,"17,600","16,993.00",11
INFY,27-Jun-24,0.5,0.75,0.75,0.51,0.55,"5,200","2,876.00",7
INFY,26-Jun-24,0.55,0.1,0.5,0.1,0.5,"15,600","7,576.00",18
INFY,26-Jun-24,0.5,0.5,0.5,0.5,0.5,"24,800","12,400.00",5
INFY,25-Jun-24,0.75,0.3,1,0.3,0.5,"57,600","45,185.00",45
INFY,25-Jun-24,1,0.5,2,0.5,0.55,"28,800","24,883.00",25
INFY,24-Jun-24,0.5,0.5,0.75,0.49,0.75,"35,600","18,081.00",62
INFY,24-Jun-24,0.5,0.5,1,0.5,1,"58,000","39,406.00",46
INFY,22-Jun-24,0.25,10,10,10,10,160,"1,600.00",16
INFY,22-Jun-24,3,10,10,10,10,160,"1,600.00",16
INFY,22-Jun-24,2.99,10,10,10,10,160,"1,600.00",16
INFY,22-Jun-24,0.5,0.15,"1,000.00",0.15,"1,000.00",150,"1,00,008.00",2
INFY,11-Jun-24,0.5,0.5,0.5,0.5,0.5,"6,000","3,000.00",4
INFY,10-Jun-24,0.51,0.5,0.5,0.5,0.5,"11,831","5,916.00",14
INFY,07-Jun-24,1,0.5,0.5,0.5,0.5,289,145,2
INFY,07-Jun-24,0.49,0.48,0.51,0.25,0.51,"37,200","18,512.00",38
INFY,05-Jun-24,0.4,0.49,0.49,0.49,0.49,1,-,1
INFY,04-Jun-24,0.25,0.4,0.4,0.4,0.4,"1,123",449,3
INFY,29-May-24,4.45,0.25,0.25,0.25,0.25,800,200,1
INFY,22-May-24,0.4,0.45,0.45,0.45,0.45,28,13,1
INFY,21-May-24,0.5,0.4,0.4,0.4,0.4,45,18,1
INFY,10-May-24,0.47,3.95,5,3.95,4.45,"6,000","26,917.00",15
INFY,09-May-24,0.48,0.5,0.5,0.5,0.5,132,66,1
INFY,07-May-24,0.01,0.48,0.48,0.48,0.48,69,33,1
INFY,12-Apr-24,0.47,0.5,0.75,0.5,0.75,"6,700","3,817.00",4
INFY,10-Apr-24,0.5,0.35,0.5,0.35,0.47,"5,650","2,698.00",6
INFY,03-Apr-24,0.5,0.5,0.5,0.5,0.5,"24,831","12,416.00",17
INFY,02-Apr-24,0.75,0.5,0.5,0.5,0.5,"2,400","1,200.00",2
INFY,28-Mar-24,0.5,0.75,0.75,0.75,0.75,"1,600","1,200.00",1
INFY,18-Mar-24,0.5,0.98,0.98,0.98,0.98,54,53,1
INFY,14-Mar-24,0.5,0.5,0.6,0.5,0.5,"85,201","42,746.00",58
INFY,14-Mar-24,0.5,0.5,0.5,0.5,0.5,"10,000","5,000.00",6
INFY,07-Mar-24,0.49,0.45,0.5,0.45,0.5,"2,400","1,195.00",5
INFY,04-Mar-24,0.25,0.25,0.49,0.25,0.49,"1,503",523,4
INFY,01-Mar-24,1,0.5,0.5,0.25,0.25,"8,897","3,462.00",5
INFY,28-Feb-24,0.01,0.5,1,0.5,1,98,56,2
INFY,27-Feb-24,0.45,0.5,0.5,0.5,0.5,98,49,1
INFY,22-Feb-24,0.5,0.45,0.45,0.45,0.45,"6,400","2,880.00",1
INFY,20-Feb-24,0.49,0.5,0.5,0.5,0.5,48,24,1
INFY,08-Feb-24,0.5,0.49,0.49,0.49,0.49,22,11,1
INFY,06-Feb-24,0.28,0.45,0.5,0.45,0.5,"26,800","13,325.00",20
INFY,05-Feb-24,0.99,0.25,0.44,0.25,0.28,"14,800","4,108.00",9
INFY,31-Jan-24,0.83,0.99,0.99,0.99,0.99,2,2,1
INFY,25-Jan-24,0.32,1,1,0.5,0.83,"4,200","3,500.00",3
INFY,25-Jan-24,0.39,0.5,0.5,0.5,0.5,"3,300","1,650.00",2
INFY,24-Jan-24,0.5,0.5,0.5,0.39,0.39,"13,600","6,624.00",32
INFY,19-Jan-24,0.5,0.49,0.5,0.49,0.5,"38,101","19,049.00",5
INFY,18-Jan-24,0.49,0.5,0.5,0.5,0.5,"2,000","1,000.00",1
INFY,17-Jan-24,0.25,0.46,0.5,0.46,0.49,"20,050","9,961.00",13
INFY,16-Jan-24,0.37,0.25,0.25,0.25,0.25,835,209,2
INFY,15-Jan-24,0.5,0.25,0.99,0.25,0.37,"8,863","3,332.00",10
INFY,11-Jan-24,0.01,0.3,0.5,0.3,0.5,"7,431","3,426.00",4
INFY,28-Dec-23,0.45,0.4,0.5,0.4,0.5,"10,400","4,880.00",2
INFY,22-Dec-23,0.5,0.45,0.45,0.45,0.45,800,360,1
INFY,18-Dec-23,0.4,0.4,0.5,0.4,0.5,"4,000","1,874.00",3
INFY,15-Dec-23,0.5,0.4,0.4,0.4,0.4,14,6,1
INFY,05-Dec-23,1,0.5,0.5,0.5,0.5,"4,000","2,000.00",8
INFY,30-Nov-23,0.97,0.1,0.1,0.1,0.1,"4,000",400,3
INFY,25-Nov-23,0.97,"1,000.00","1,000.00",0.2,0.2,125,"1,00,005.00",2
INFY,24-Nov-23,0.13,1.99,2,1,1,"2,520","5,011.00",7
INFY,12-Nov-23,0.55,0.97,0.97,0.97,0.97,"1,200","1,164.00",1
INFY,10-Nov-23,0.5,0.55,0.55,0.55,0.55,5,3,1
INFY,31-Oct-23,0.5,0.5,0.5,0.5,0.5,"5,600","2,800.00",11
INFY,30-Oct-23,0.5,0.5,0.5,0.5,0.5,"1,200",600,1
INFY,27-Oct-23,0.98,0.5,0.5,0.5,0.5,"10,000","5,000.00",9
INFY,19-Oct-23,0.5,0.95,0.95,0.95,0.95,5,5,1
INFY,10-Oct-23,0.5,0.5,0.5,0.5,0.5,"4,400","2,200.00",5
INFY,06-Oct-23,0.5,0.65,0.65,0.01,0.5,"57,800","30,365.00",93
INFY,04-Oct-23,0.99,1,1,0.25,0.5,"32,300","24,779.00",13
INFY,03-Oct-23,0.5,1,1,0.99,0.99,"46,400","46,368.00",42
INFY,29-Sep-23,0.9,1,1,0.5,0.5,"10,216","5,924.00",5
INFY,28-Sep-23,1,1,2,0.5,0.63,"86,200","63,251.00",79
INFY,28-Sep-23,1,1,1,0.9,0.9,"14,223","14,183.00",10
INFY,22-Sep-23,0.25,1,1,1,1,76,76,1
INFY,22-Sep-23,0.65,0.5,1,0.5,1,800,435,4
INFY,21-Sep-23,0.01,0.65,0.65,0.65,0.65,"9,200","5,980.00",4
INFY,21-Sep-23,0.8,1,1,0.25,0.25,"1,08,625","1,02,696.00",122
INFY,14-Sep-23,0.6,0.8,0.8,0.8,0.8,17,14,1
INFY,11-Sep-23,1,0.6,0.6,0.6,0.6,58,35,1
INFY,05-Sep-23,1,1,1,1,1,68,68,1
INFY,31-Aug-23,0.44,1,1,1,1,400,400,1
INFY,31-Aug-23,0.47,0.5,0.5,0.5,0.5,"12,000","6,000.00",1
INFY,10-Aug-23,0.48,0.47,0.47,0.47,0.47,400,188,1
INFY,09-Aug-23,0.5,0.48,0.48,0.48,0.48,20,10,1
INFY,28-Jul-23,1,0.5,0.5,0.5,0.5,17,9,1
INFY,27-Jul-23,1,1,1,1,1,17,17,1
INFY,25-Jul-23,0.5,1,1,1,1,1,1,1
INFY,21-Jul-23,0.49,0.5,0.5,0.5,0.5,476,238,2
INFY,19-Jul-23,0.8,0.25,1,0.25,1,"15,200","8,064.00",13
INFY,18-Jul-23,0.48,0.8,0.8,0.8,0.8,400,320,1
INFY,17-Jul-23,0.01,0.49,0.49,0.49,0.49,"8,800","4,312.00",5
INFY,22-Jun-23,0.47,0.47,0.47,0.47,0.47,360,169,3
INFY,21-Jun-23,0.25,0.47,0.47,0.47,0.47,32,15,1
INFY,17-Jun-23,0.25,965,965,965,965,50,"48,250.00",1
INFY,17-Jun-23,0.01,0.15,0.15,0.15,0.15,10,2,1
INFY,07-Jun-23,0.4,0.25,0.25,0.25,0.25,925,231,2
INFY,06-Jun-23,0.5,0.4,0.4,0.4,0.4,550,220,2
INFY,25-May-23,0.45,0.5,0.5,0.5,0.5,450,225,1
INFY,23-May-23,0.25,0.25,0.25,0.25,0.25,100,25,1
INFY,22-May-23,0.01,0.01,0.01,0.01,0.01,100,1,1
INFY,22-May-23,0.25,0.25,0.25,0.25,0.25,350,88,1
INFY,18-May-23,0.49,0.01,0.01,0.01,0.01,350,4,1
INFY,17-May-23,0.01,0.49,0.49,0.49,0.49,270,132,2
INFY,16-May-23,0.5,0.25,0.25,0.25,0.25,280,70,1
INFY,15-May-23,0.01,0.01,0.01,0.01,0.01,80,1,1
INFY,12-May-23,0.01,0.49,0.49,0.01,0.01,"20,377",303,3
INFY,10-May-23,0.01,0.01,0.01,0.01,0.01,"9,920",99,1
INFY,09-May-23,0.48,0.01,0.01,0.01,0.01,"9,877",99,1
INFY,08-May-23,0.01,0.48,0.48,0.48,0.48,"4,975","2,388.00",2
INFY,03-May-23,0.5,0.01,0.01,0.01,0.01,"9,930",99,1
INFY,02-May-23,0.09,0.01,0.5,0.01,0.5,"6,413",119,3
INFY,28-Apr-23,0.02,0.01,0.5,0.01,0.09,"21,596","2,027.00",3
INFY,27-Apr-23,0.01,0.01,1,0.01,0.02,"7,247",200,2
INFY,25-Apr-23,0.01,0.01,0.01,0.01,0.01,727,7,1
INFY,20-Apr-23,0.23,0.01,0.01,0.01,0.01,"1,637",16,1
INFY,19-Apr-23,0.99,0.5,0.5,0.01,0.23,"17,770","4,239.00",3
INFY,13-Apr-23,0.3,0.5,0.5,0.5,0.5,"2,000","1,000.00",1
INFY,13-Apr-23,0.2,0.99,0.99,0.99,0.99,"9,482","9,387.00",2
INFY,11-Mar-23,0.13,2,2,2,2,300,600,1
INFY,10-Mar-23,0.01,0.01,0.01,0.01,0.01,"1,156",12,1
INFY,08-Mar-23,0.01,0.01,0.01,0.01,0.01,"22,366",224,2
INFY,06-Mar-23,0.01,0.01,0.01,0.01,0.01,"20,000",200,1
INFY,02-Mar-23,1.99,0.01,0.01,0.01,0.01,"14,823",148,1
